A pretty reason why Gaussian + Gaussian = Gaussian.mp4	001	fundamentals
A simple image convolution.mp4	002	fundamentals
Attention in transformers, step-by-step ｜ Deep Learning Chapter 6.mp4	003	fundamentals
Backpropagation calculus ｜ Deep Learning Chapter 4.mp4	004	fundamentals
Backpropagation, intuitively ｜ Deep Learning Chapter 3.mp4	005	fundamentals
Bayes theorem, the geometry of changing beliefs.mp4	006	fundamentals
But how do AI images and videos actually work？ ｜ Guest video by Welch Labs.mp4	007	fundamentals
But what is a Fourier series？  From heat flow to drawing with circles ｜ DE4.mp4	008	fundamentals
But what is a Laplace Transform？.mp4	009	fundamentals
But what is a convolution？.mp4	010	fundamentals
But what is a neural network？ ｜ Deep learning chapter 1.mp4	011	fundamentals
But what is cross-entropy？ ｜ Compression is Intelligence Part 2.mp4	012	fundamentals
But what is quantum computing？  (Grover's Algorithm).mp4	013	fundamentals
But what is the Fourier Transform？  A visual introduction..mp4	014	fundamentals
Change of basis ｜ Chapter 13, Essence of linear algebra.mp4	015	fundamentals
Convolutions ｜ Why X+Y in probability is a beautiful mess.mp4	016	fundamentals
Divergence and curl：  The language of Maxwell's equations, fluid flow, and more.mp4	017	fundamentals
Dot products and duality ｜ Chapter 9, Essence of linear algebra.mp4	018	fundamentals
Gradient descent, how neural networks learn ｜ Deep Learning Chapter 2.mp4	019	fundamentals
Hilbert's Curve： Is infinite math useful？.mp4	020	fundamentals
How AI connects text and images.mp4	021	fundamentals
How I animate 3Blue1Brown ｜ A Manim demo with Ben Sparks.mp4	022	fundamentals
How might LLMs store facts ｜ Deep Learning Chapter 7.mp4	023	fundamentals
How word vectors encode meaning.mp4	024	fundamentals
LLMs are next-word predictors.mp4	025	fundamentals
Linear transformations and matrices ｜ Chapter 3, Essence of linear algebra.mp4	026	fundamentals
Reinventing Entropy ｜ Compression is Intelligence Part 1.mp4	027	fundamentals
Simulating the electric field and a moving charge.mp4	028	fundamentals
Taylor series ｜ Chapter 11, Essence of calculus.mp4	029	fundamentals
Temperature in LLMs.mp4	030	fundamentals
The Newton art puzzle.mp4	031	fundamentals
The Physics of Euler's Formula ｜ Laplace Transform Prelude.mp4	032	fundamentals
The last IMO problem AI could not solve.mp4	033	fundamentals
The most beautiful formula not enough people understand.mp4	034	fundamentals
The scale of training LLMs.mp4	035	fundamentals
The subset sum puzzle.mp4	036	fundamentals
Transformers, the tech behind LLMs ｜ Deep Learning Chapter 5.mp4	037	fundamentals
Vectors ｜ Chapter 1, Essence of linear algebra.mp4	038	fundamentals
Why Laplace transforms are so useful.mp4	039	fundamentals
